Gesture,Image Path
cursor,1.png
cursor,2.png
cursor,3.png
cursor,4.png
cursor,5.png
cursor,6.png
cursor,7.png
cursor,8.png
cursor,9.png
cursor,10.png
cursor,11.png
cursor,12.png
cursor,13.png
cursor,14.png
cursor,15.png
cursor,16.png
cursor,17.png
cursor,18.png
cursor,19.png
cursor,20.png
cursor,21.png
cursor,22.png
cursor,23.png
cursor,24.png
cursor,25.png
cursor,26.png
cursor,27.png
cursor,28.png
cursor,29.png
cursor,30.png
cursor,31.png
cursor,32.png
cursor,33.png
cursor,34.png
cursor,35.png
cursor,36.png
cursor,37.png
cursor,38.png
cursor,39.png
cursor,40.png
cursor,41.png
cursor,42.png
cursor,43.png
cursor,44.png
cursor,45.png
cursor,46.png
cursor,47.png
cursor,48.png
cursor,49.png
cursor,50.png
cursor,51.png
cursor,52.png
cursor,53.png
cursor,54.png
cursor,55.png
cursor,56.png
cursor,57.png
cursor,58.png
cursor,59.png
cursor,60.png
cursor,61.png
cursor,62.png
cursor,63.png
cursor,64.png
cursor,65.png
cursor,66.png
cursor,67.png
cursor,68.png
cursor,69.png
cursor,70.png
cursor,71.png
cursor,72.png
cursor,73.png
cursor,74.png
cursor,75.png
cursor,76.png
cursor,77.png
cursor,78.png
cursor,79.png
cursor,80.png
cursor,82.png
cursor,83.png
cursor,84.png
cursor,85.png
cursor,86.png
cursor,87.png
cursor,88.png
cursor,89.png
cursor,90.png
cursor,91.png
cursor,92.png
cursor,93.png
cursor,94.png
cursor,95.png
cursor,96.png
cursor,97.png
cursor,98.png
cursor,99.png
cursor,100.png
cursor,101.png
cursor,102.png
cursor,103.png
cursor,104.png
cursor,105.png
cursor,106.png
cursor,107.png
cursor,108.png
cursor,109.png
cursor,110.png
cursor,111.png
cursor,112.png
cursor,113.png
cursor,114.png
cursor,115.png
cursor,116.png
cursor,117.png
cursor,118.png
cursor,119.png
cursor,120.png
cursor,121.png
cursor,122.png
cursor,123.png
cursor,124.png
cursor,125.png
cursor,126.png
cursor,127.png
cursor,128.png
cursor,129.png
cursor,130.png
cursor,131.png
cursor,132.png
cursor,133.png
cursor,134.png
cursor,135.png
cursor,136.png
cursor,137.png
cursor,138.png
cursor,139.png
cursor,140.png
cursor,141.png
cursor,142.png
cursor,143.png
cursor,144.png
cursor,145.png
cursor,146.png
cursor,147.png
cursor,148.png
cursor,149.png
cursor,150.png
cursor,151.png
cursor,152.png
cursor,153.png
cursor,154.png
cursor,155.png
cursor,156.png
cursor,157.png
cursor,158.png
cursor,159.png
cursor,160.png
cursor,161.png
cursor,162.png
cursor,163.png
cursor,164.png
cursor,165.png
cursor,166.png
cursor,167.png
cursor,168.png
cursor,169.png
cursor,170.png
cursor,171.png
cursor,172.png
cursor,173.png
cursor,174.png
cursor,175.png
cursor,176.png
cursor,177.png
cursor,178.png
cursor,179.png
cursor,180.png
cursor,181.png
cursor,182.png
cursor,183.png
cursor,184.png
cursor,185.png
cursor,186.png
cursor,187.png
cursor,188.png
cursor,189.png
cursor,190.png
cursor,191.png
cursor,192.png
cursor,193.png
cursor,194.png
cursor,195.png
cursor,196.png
cursor,197.png
cursor,198.png
cursor,199.png
cursor,200.png
cursor,201.png
cursor,202.png
cursor,203.png
cursor,204.png
cursor,205.png
cursor,206.png
cursor,207.png
cursor,208.png
cursor,209.png
cursor,210.png
cursor,211.png
cursor,212.png
cursor,213.png
cursor,214.png
cursor,215.png
cursor,216.png
cursor,217.png
cursor,218.png
cursor,219.png
cursor,220.png
cursor,221.png
cursor,222.png
cursor,223.png
cursor,224.png
cursor,225.png
cursor,226.png
cursor,227.png
cursor,228.png
cursor,229.png
cursor,230.png
cursor,231.png
cursor,232.png
cursor,233.png
cursor,234.png
cursor,235.png
cursor,236.png
cursor,237.png
cursor,238.png
cursor,239.png
cursor,240.png
cursor,241.png
cursor,242.png
cursor,243.png
cursor,244.png
cursor,245.png
cursor,246.png
cursor,247.png
cursor,248.png
cursor,249.png
cursor,250.png
cursor,251.png
cursor,252.png
cursor,253.png
cursor,254.png
cursor,255.png
cursor,256.png
cursor,257.png
cursor,258.png
cursor,259.png
cursor,260.png
cursor,261.png
cursor,262.png
cursor,263.png
cursor,264.png
cursor,265.png
cursor,266.png
cursor,267.png
cursor,268.png
cursor,269.png
cursor,270.png
cursor,271.png
cursor,272.png
cursor,273.png
cursor,274.png
cursor,275.png
cursor,276.png
cursor,277.png
cursor,278.png
cursor,279.png
cursor,280.png
cursor,281.png
cursor,282.png
cursor,283.png
cursor,284.png
cursor,285.png
cursor,286.png
cursor,287.png
cursor,288.png
cursor,289.png
cursor,290.png
cursor,291.png
cursor,292.png
cursor,293.png
cursor,294.png
cursor,295.png
cursor,296.png
cursor,297.png
cursor,298.png
cursor,299.png
cursor,300.png
cursor,301.png
cursor,302.png
cursor,303.png
cursor,304.png
cursor,305.png
cursor,306.png
cursor,307.png
cursor,308.png
cursor,309.png
cursor,310.png
cursor,311.png
cursor,312.png
cursor,313.png
cursor,314.png
cursor,315.png
cursor,316.png
cursor,317.png
cursor,318.png
cursor,319.png
cursor,320.png
cursor,321.png
cursor,322.png
cursor,323.png
cursor,324.png
cursor,325.png
cursor,326.png
cursor,327.png
cursor,328.png
cursor,329.png
cursor,330.png
cursor,331.png
cursor,332.png
cursor,333.png
cursor,334.png
cursor,335.png
cursor,336.png
cursor,337.png
cursor,338.png
cursor,339.png
cursor,340.png
cursor,341.png
cursor,342.png
cursor,343.png
cursor,344.png
cursor,345.png
cursor,346.png
cursor,347.png
cursor,348.png
cursor,349.png
cursor,350.png
cursor,351.png
cursor,352.png
cursor,353.png
cursor,354.png
cursor,355.png
cursor,356.png
cursor,357.png
cursor,358.png
cursor,359.png
cursor,360.png
cursor,361.png
cursor,362.png
cursor,363.png
cursor,364.png
cursor,365.png
cursor,366.png
cursor,367.png
cursor,368.png
cursor,369.png
cursor,370.png
cursor,371.png
cursor,372.png
cursor,373.png
cursor,374.png
cursor,375.png
cursor,376.png
cursor,377.png
cursor,378.png
cursor,379.png
cursor,380.png
cursor,381.png
cursor,382.png
cursor,383.png
cursor,384.png
cursor,385.png
cursor,386.png
cursor,387.png
cursor,388.png
cursor,389.png
cursor,390.png
cursor,391.png
cursor,392.png
cursor,393.png
cursor,394.png
cursor,395.png
cursor,396.png
cursor,397.png
cursor,398.png
cursor,399.png
cursor,400.png
cursor,401.png
cursor,402.png
cursor,403.png
cursor,404.png
cursor,405.png
cursor,406.png
cursor,407.png
cursor,408.png
cursor,409.png
cursor,410.png
cursor,411.png
cursor,412.png
cursor,413.png
cursor,414.png
cursor,415.png
cursor,416.png
cursor,417.png
cursor,418.png
cursor,419.png
cursor,420.png
cursor,421.png
cursor,422.png
cursor,423.png
cursor,424.png
cursor,425.png
cursor,426.png
cursor,427.png
cursor,428.png
cursor,429.png
cursor,430.png
cursor,431.png
cursor,432.png
cursor,433.png
cursor,434.png
cursor,435.png
cursor,436.png
cursor,437.png
cursor,438.png
cursor,439.png
cursor,440.png
cursor,441.png
cursor,442.png
cursor,443.png
cursor,444.png
cursor,445.png
cursor,446.png
cursor,447.png
cursor,448.png
cursor,449.png
cursor,450.png
cursor,451.png
cursor,452.png
cursor,453.png
cursor,454.png
cursor,455.png
cursor,456.png
cursor,457.png
cursor,458.png
cursor,459.png
cursor,460.png
cursor,461.png
cursor,462.png
cursor,463.png
cursor,464.png
cursor,465.png
cursor,466.png
cursor,467.png
cursor,468.png
cursor,469.png
cursor,470.png
cursor,471.png
cursor,472.png
cursor,473.png
cursor,474.png
cursor,475.png
cursor,476.png
cursor,477.png
cursor,478.png
cursor,479.png
cursor,480.png
cursor,481.png
cursor,482.png
cursor,483.png
cursor,484.png
cursor,485.png
cursor,486.png
cursor,487.png
cursor,488.png
cursor,489.png
cursor,490.png
cursor,491.png
cursor,492.png
cursor,493.png
cursor,494.png
cursor,495.png
cursor,496.png
cursor,497.png
cursor,498.png
cursor,499.png
cursor,500.png
cursor,501.png
cursor,502.png
cursor,503.png
cursor,504.png
cursor,505.png
cursor,506.png
cursor,507.png
cursor,508.png
cursor,509.png
cursor,510.png
cursor,511.png
cursor,512.png
cursor,513.png
cursor,514.png
cursor,515.png
cursor,516.png
cursor,517.png
cursor,518.png
cursor,519.png
cursor,520.png
cursor,521.png
cursor,522.png
cursor,523.png
cursor,524.png
cursor,525.png
cursor,526.png
cursor,527.png
cursor,528.png
cursor,529.png
cursor,530.png
cursor,531.png
cursor,532.png
cursor,533.png
cursor,534.png
cursor,535.png
cursor,536.png
cursor,537.png
cursor,538.png
cursor,539.png
cursor,540.png
cursor,541.png
cursor,542.png
cursor,543.png
cursor,544.png
cursor,545.png
cursor,546.png
cursor,547.png
cursor,548.png
cursor,549.png
cursor,550.png
cursor,551.png
cursor,552.png
cursor,553.png
cursor,554.png
cursor,555.png
cursor,556.png
cursor,557.png
cursor,558.png
cursor,559.png
cursor,560.png
cursor,561.png
cursor,562.png
cursor,563.png
cursor,564.png
cursor,565.png
cursor,566.png
cursor,567.png
cursor,568.png
cursor,569.png
cursor,570.png
cursor,571.png
cursor,572.png
cursor,573.png
cursor,574.png
cursor,575.png
cursor,576.png
cursor,577.png
cursor,578.png
cursor,579.png
cursor,580.png
cursor,581.png
cursor,582.png
cursor,583.png
cursor,584.png
cursor,585.png
cursor,586.png
cursor,587.png
cursor,588.png
cursor,589.png
cursor,590.png
cursor,591.png
cursor,592.png
cursor,593.png
cursor,594.png
cursor,595.png
cursor,596.png
cursor,597.png
cursor,598.png
cursor,599.png
cursor,600.png
cursor,601.png
cursor,602.png
cursor,603.png
cursor,604.png
cursor,605.png
cursor,606.png
cursor,607.png
cursor,608.png
cursor,609.png
cursor,610.png
cursor,611.png
cursor,612.png
cursor,613.png
cursor,614.png
cursor,615.png
cursor,616.png
cursor,617.png
cursor,618.png
cursor,619.png
cursor,620.png
cursor,621.png
cursor,622.png
cursor,623.png
cursor,624.png
cursor,625.png
cursor,626.png
cursor,627.png
cursor,628.png
cursor,629.png
cursor,630.png
cursor,631.png
cursor,632.png
cursor,633.png
cursor,634.png
cursor,635.png
cursor,636.png
cursor,637.png
cursor,638.png
cursor,639.png
cursor,640.png
cursor,641.png
cursor,642.png
cursor,643.png
cursor,644.png
cursor,645.png
cursor,646.png
cursor,647.png
cursor,648.png
cursor,649.png
cursor,650.png
cursor,651.png
cursor,652.png
cursor,653.png
cursor,654.png
cursor,655.png
cursor,656.png
cursor,657.png
cursor,658.png
cursor,659.png
cursor,660.png
cursor,661.png
cursor,662.png
cursor,663.png
cursor,664.png
cursor,665.png
cursor,666.png
cursor,667.png
cursor,668.png
cursor,669.png
cursor,670.png
cursor,671.png
cursor,672.png
cursor,673.png
cursor,674.png
cursor,675.png
cursor,676.png
cursor,677.png
cursor,678.png
cursor,679.png
cursor,680.png
cursor,681.png
cursor,682.png
cursor,683.png
cursor,684.png
cursor,685.png
cursor,686.png
cursor,687.png
cursor,688.png
cursor,689.png
cursor,690.png
cursor,691.png
cursor,692.png
cursor,693.png
cursor,694.png
cursor,695.png
cursor,696.png
cursor,697.png
cursor,698.png
cursor,699.png
cursor,700.png
cursor,701.png
cursor,702.png
cursor,703.png
cursor,704.png
cursor,705.png
cursor,706.png
cursor,707.png
cursor,708.png
cursor,709.png
cursor,710.png
cursor,711.png
cursor,712.png
cursor,713.png
cursor,714.png
cursor,715.png
cursor,716.png
cursor,717.png
cursor,718.png
cursor,719.png
cursor,720.png
cursor,721.png
cursor,722.png
cursor,723.png
cursor,724.png
cursor,725.png
cursor,726.png
cursor,727.png
cursor,728.png
cursor,729.png
cursor,730.png
cursor,731.png
cursor,732.png
cursor,733.png
cursor,734.png
cursor,735.png
cursor,736.png
cursor,737.png
cursor,738.png
cursor,739.png
cursor,740.png
cursor,741.png
cursor,742.png
cursor,743.png
cursor,744.png
cursor,745.png
cursor,746.png
cursor,747.png
cursor,748.png
cursor,749.png
cursor,750.png
cursor,751.png
cursor,752.png
cursor,753.png
cursor,754.png
cursor,755.png
cursor,756.png
cursor,757.png
cursor,758.png
cursor,759.png
cursor,760.png
cursor,761.png
cursor,762.png
cursor,763.png
cursor,764.png
cursor,765.png
cursor,766.png
cursor,767.png
cursor,768.png
cursor,769.png
cursor,770.png
cursor,771.png
cursor,772.png
cursor,773.png
cursor,774.png
cursor,775.png
cursor,776.png
cursor,777.png
cursor,778.png
cursor,779.png
cursor,780.png
cursor,781.png
cursor,782.png
cursor,783.png
cursor,784.png
cursor,785.png
cursor,786.png
cursor,787.png
cursor,788.png
cursor,789.png
cursor,790.png
cursor,791.png
cursor,792.png
cursor,793.png
cursor,794.png
cursor,795.png
cursor,796.png
cursor,797.png
cursor,798.png
cursor,799.png
cursor,800.png
cursor,801.png
cursor,802.png
cursor,803.png
cursor,804.png
cursor,805.png
cursor,806.png
cursor,807.png
cursor,808.png
cursor,809.png
cursor,810.png
cursor,811.png
cursor,812.png
cursor,813.png
cursor,814.png
cursor,815.png
cursor,816.png
cursor,817.png
cursor,818.png
cursor,819.png
cursor,820.png
cursor,821.png
cursor,822.png
cursor,823.png
cursor,824.png
cursor,825.png
cursor,826.png
cursor,827.png
cursor,828.png
cursor,829.png
cursor,830.png
cursor,831.png
cursor,832.png
cursor,833.png
cursor,834.png
cursor,835.png
cursor,836.png
cursor,837.png
cursor,838.png
cursor,839.png
cursor,840.png
cursor,841.png
cursor,842.png
cursor,843.png
cursor,844.png
cursor,845.png
cursor,846.png
cursor,847.png
cursor,848.png
cursor,849.png
cursor,850.png
cursor,851.png
cursor,852.png
cursor,853.png
cursor,854.png
cursor,855.png
cursor,856.png
cursor,857.png
cursor,858.png
cursor,859.png
cursor,860.png
cursor,861.png
cursor,862.png
cursor,863.png
cursor,864.png
cursor,865.png
cursor,866.png
cursor,867.png
cursor,868.png
cursor,869.png
cursor,870.png
cursor,871.png
cursor,872.png
cursor,873.png
cursor,874.png
cursor,875.png
cursor,876.png
cursor,877.png
cursor,878.png
cursor,879.png
cursor,880.png
cursor,881.png
cursor,882.png
cursor,883.png
cursor,884.png
cursor,885.png
cursor,886.png
cursor,887.png
cursor,888.png
cursor,889.png
cursor,890.png
cursor,891.png
cursor,892.png
cursor,893.png
cursor,894.png
cursor,895.png
cursor,896.png
cursor,897.png
cursor,898.png
cursor,899.png
cursor,900.png
cursor,901.png
cursor,902.png
cursor,903.png
cursor,904.png
cursor,905.png
cursor,906.png
cursor,907.png
cursor,908.png
cursor,909.png
cursor,910.png
cursor,911.png
cursor,912.png
cursor,913.png
cursor,914.png
cursor,915.png
cursor,916.png
cursor,917.png
cursor,918.png
cursor,919.png
cursor,920.png
cursor,921.png
cursor,922.png
cursor,923.png
cursor,924.png
cursor,925.png
cursor,926.png
cursor,927.png
cursor,928.png
cursor,929.png
cursor,930.png
cursor,931.png
cursor,932.png
cursor,933.png
cursor,934.png
cursor,935.png
cursor,936.png
cursor,937.png
cursor,938.png
cursor,939.png
cursor,940.png
cursor,941.png
cursor,942.png
cursor,943.png
cursor,944.png
cursor,945.png
cursor,946.png
cursor,947.png
cursor,948.png
cursor,949.png
cursor,950.png
cursor,951.png
cursor,952.png
cursor,953.png
cursor,954.png
cursor,955.png
cursor,956.png
cursor,957.png
cursor,958.png
cursor,959.png
cursor,960.png
cursor,961.png
cursor,962.png
cursor,963.png
cursor,964.png
cursor,965.png
cursor,966.png
cursor,967.png
cursor,968.png
cursor,969.png
cursor,970.png
cursor,971.png
cursor,972.png
cursor,973.png
cursor,974.png
cursor,975.png
cursor,976.png
cursor,977.png
cursor,978.png
cursor,979.png
cursor,980.png
cursor,981.png
cursor,982.png
cursor,983.png
cursor,984.png
cursor,985.png
cursor,986.png
cursor,987.png
cursor,988.png
cursor,989.png
cursor,990.png
cursor,991.png
cursor,992.png
cursor,993.png
cursor,994.png
cursor,995.png
cursor,996.png
cursor,997.png
cursor,998.png
cursor,999.png
cursor,1000.png
cursor,1001.png
cursor,1002.png
cursor,1003.png
cursor,1004.png
cursor,1005.png
cursor,1006.png
cursor,1007.png
cursor,1008.png
cursor,1009.png
cursor,1010.png
cursor,1011.png
cursor,1012.png
cursor,1013.png
cursor,1014.png
cursor,1015.png
cursor,1016.png
cursor,1017.png
cursor,1018.png
cursor,1019.png
cursor,1020.png
cursor,1021.png
cursor,1022.png
cursor,1023.png
cursor,1024.png
cursor,1025.png
cursor,1026.png
cursor,1027.png
cursor,1028.png
cursor,1029.png
cursor,1030.png
cursor,1031.png
cursor,1032.png
cursor,1033.png
cursor,1034.png
cursor,1035.png
cursor,1036.png
cursor,1037.png
cursor,1038.png
cursor,1039.png
cursor,1040.png
cursor,1041.png
cursor,1042.png
cursor,1043.png
cursor,1044.png
cursor,1045.png
cursor,1046.png
cursor,1047.png
cursor,1048.png
cursor,1049.png
cursor,1050.png
cursor,1051.png
cursor,1052.png
cursor,1053.png
cursor,1054.png
cursor,1055.png
cursor,1056.png
cursor,1057.png
cursor,1058.png
cursor,1059.png
cursor,1060.png
cursor,1061.png
cursor,1062.png
cursor,1063.png
cursor,1064.png
cursor,1065.png
cursor,1066.png
cursor,1067.png
cursor,1068.png
cursor,1069.png
cursor,1070.png
cursor,1071.png
cursor,1072.png
cursor,1073.png
cursor,1074.png
cursor,1075.png
cursor,1076.png
cursor,1077.png
cursor,1078.png
cursor,1079.png
cursor,1080.png
cursor,1081.png
cursor,1082.png
cursor,1083.png
cursor,1084.png
cursor,1085.png
cursor,1086.png
cursor,1087.png
cursor,1088.png
cursor,1089.png
cursor,1090.png
cursor,1091.png
cursor,1092.png
cursor,1093.png
cursor,1094.png
cursor,1095.png
cursor,1096.png
cursor,1097.png
cursor,1098.png
cursor,1099.png
cursor,1100.png
cursor,1101.png
cursor,1102.png
cursor,1103.png
cursor,1104.png
cursor,1105.png
cursor,1106.png
cursor,1107.png
cursor,1108.png
cursor,1109.png
cursor,1110.png
cursor,1111.png
cursor,1112.png
cursor,1113.png
cursor,1114.png
cursor,1115.png
cursor,1116.png
cursor,1117.png
cursor,1118.png
cursor,1119.png
cursor,1120.png
cursor,1121.png
cursor,1122.png
cursor,1123.png
cursor,1124.png
cursor,1125.png
cursor,1126.png
cursor,1127.png
cursor,1128.png
cursor,1129.png
cursor,1130.png
cursor,1131.png
cursor,1132.png
cursor,1133.png
cursor,1134.png
cursor,1135.png
cursor,1136.png
cursor,1137.png
cursor,1138.png
cursor,1139.png
cursor,1140.png
cursor,1141.png
cursor,1142.png
cursor,1143.png
cursor,1144.png
cursor,1145.png
cursor,1146.png
cursor,1147.png
cursor,1148.png
cursor,1149.png
cursor,1150.png
cursor,1151.png
cursor,1152.png
cursor,1153.png
cursor,1154.png
cursor,1155.png
cursor,1156.png
cursor,1157.png
cursor,1158.png
cursor,1159.png
cursor,1160.png
cursor,1161.png
cursor,1162.png
cursor,1163.png
cursor,1164.png
cursor,1165.png
cursor,1166.png
cursor,1167.png
cursor,1168.png
cursor,1169.png
cursor,1170.png
cursor,1171.png
cursor,1172.png
cursor,1173.png
cursor,1174.png
cursor,1175.png
cursor,1176.png
cursor,1177.png
cursor,1178.png
cursor,1179.png
cursor,1180.png
cursor,1181.png
cursor,1182.png
cursor,1183.png
cursor,1184.png
cursor,1185.png
cursor,1186.png
cursor,1187.png
cursor,1188.png
cursor,1189.png
cursor,1190.png
cursor,1191.png
cursor,1192.png
cursor,1193.png
cursor,1194.png
cursor,1195.png
cursor,1196.png
cursor,1197.png
cursor,1198.png
cursor,1199.png
cursor,1200.png
cursor,1201.png
cursor,1202.png
cursor,1203.png
cursor,1204.png
cursor,1205.png
cursor,1206.png
cursor,1207.png
cursor,1208.png
cursor,1209.png
cursor,1210.png
cursor,1211.png
cursor,1212.png
cursor,1213.png
cursor,1214.png
cursor,1215.png
cursor,1216.png
cursor,1217.png
cursor,1218.png
cursor,1219.png
cursor,1220.png
cursor,1221.png
cursor,1222.png
cursor,1223.png
cursor,1224.png
cursor,1225.png
cursor,1226.png
cursor,1227.png
cursor,1228.png
cursor,1229.png
cursor,1230.png
cursor,1231.png
cursor,1232.png
cursor,1233.png
cursor,1234.png
cursor,1235.png
cursor,1236.png
cursor,1237.png
cursor,1238.png
cursor,1239.png
cursor,1240.png
cursor,1241.png
cursor,1242.png
cursor,1243.png
cursor,1244.png
cursor,1245.png
cursor,1246.png
cursor,1247.png
cursor,1248.png
cursor,1249.png
cursor,1250.png
cursor,1251.png
cursor,1252.png
cursor,1253.png
cursor,1254.png
cursor,1255.png
cursor,1256.png
cursor,1257.png
cursor,1258.png
cursor,1259.png
cursor,1260.png
cursor,1261.png
cursor,1262.png
cursor,1263.png
cursor,1264.png
cursor,1265.png
cursor,1266.png
cursor,1267.png
cursor,1268.png
cursor,1269.png
cursor,1270.png
cursor,1271.png
cursor,1272.png
cursor,1273.png
cursor,1274.png
cursor,1275.png
cursor,1276.png
cursor,1277.png
cursor,1278.png
cursor,1279.png
cursor,1280.png
cursor,1281.png
cursor,1282.png
cursor,1283.png
cursor,1284.png
cursor,1285.png
cursor,1286.png
cursor,1287.png
cursor,1288.png
cursor,1289.png
cursor,1290.png
cursor,1291.png
cursor,1292.png
cursor,1293.png
cursor,1294.png
cursor,1295.png
cursor,1296.png
cursor,1297.png
cursor,1298.png
cursor,1299.png
cursor,1300.png
cursor,1301.png
cursor,1302.png
cursor,1303.png
cursor,1304.png
cursor,1305.png
cursor,1306.png
cursor,1307.png
cursor,1308.png
cursor,1309.png
cursor,1310.png
cursor,1311.png
cursor,1312.png
cursor,1313.png
cursor,1314.png
cursor,1315.png
cursor,1316.png
cursor,1317.png
cursor,1318.png
cursor,1319.png
cursor,1320.png
cursor,1321.png
cursor,1322.png
cursor,1323.png
cursor,1324.png
cursor,1325.png
cursor,1326.png
cursor,1327.png
cursor,1328.png
cursor,1329.png
cursor,1330.png
cursor,1331.png
cursor,1332.png
cursor,1333.png
cursor,1334.png
cursor,1335.png
cursor,1336.png
cursor,1337.png
cursor,1338.png
cursor,1339.png
cursor,1340.png
cursor,1341.png
cursor,1342.png
cursor,1343.png
cursor,1344.png
cursor,1345.png
cursor,1346.png
cursor,1347.png
cursor,1348.png
cursor,1349.png
cursor,1350.png
cursor,1351.png
cursor,1352.png
cursor,1353.png
cursor,1354.png
cursor,1355.png
cursor,1356.png
cursor,1357.png
cursor,1358.png
cursor,1359.png
cursor,1360.png
cursor,1361.png
cursor,1362.png
cursor,1363.png
cursor,1364.png
cursor,1365.png
cursor,1366.png
cursor,1367.png
cursor,1368.png
cursor,1369.png
cursor,1370.png
cursor,1371.png
cursor,1372.png
cursor,1373.png
cursor,1374.png
cursor,1375.png
cursor,1376.png
cursor,1377.png
cursor,1378.png
cursor,1379.png
cursor,1380.png
cursor,1381.png
cursor,1382.png
cursor,1383.png
cursor,1384.png
cursor,1385.png
cursor,1386.png
cursor,1387.png
cursor,1388.png
cursor,1389.png
cursor,1390.png
cursor,1391.png
cursor,1392.png
cursor,1393.png
cursor,1394.png
cursor,1395.png
cursor,1396.png
cursor,1397.png
cursor,1398.png
cursor,1399.png
cursor,1400.png
cursor,1401.png
cursor,1402.png
cursor,1403.png
cursor,1404.png
cursor,1405.png
cursor,1406.png
cursor,1407.png
cursor,1408.png
cursor,1409.png
cursor,1410.png
cursor,1411.png
cursor,1412.png
cursor,1413.png
cursor,1414.png
cursor,1415.png
cursor,1416.png
cursor,1417.png
cursor,1418.png
cursor,1419.png
cursor,1420.png
cursor,1421.png
cursor,1422.png
cursor,1423.png
cursor,1424.png
cursor,1425.png
cursor,1426.png
cursor,1427.png
cursor,1428.png
cursor,1429.png
cursor,1430.png
cursor,1431.png
cursor,1432.png
cursor,1433.png
cursor,1434.png
cursor,1435.png
cursor,1436.png
cursor,1437.png
cursor,1438.png
cursor,1439.png
cursor,1440.png
cursor,1441.png
cursor,1442.png
cursor,1443.png
cursor,1444.png
cursor,1445.png
cursor,1446.png
cursor,1447.png
cursor,1448.png
cursor,1449.png
cursor,1450.png
cursor,1451.png
cursor,1452.png
cursor,1453.png
cursor,1454.png
cursor,1455.png
cursor,1456.png
cursor,1457.png
cursor,1458.png
cursor,1459.png
cursor,1460.png
cursor,1461.png
cursor,1462.png
cursor,1463.png
cursor,1464.png
cursor,1465.png
cursor,1466.png
cursor,1467.png
cursor,1468.png
cursor,1469.png
cursor,1470.png
cursor,1471.png
cursor,1472.png
cursor,1473.png
cursor,1474.png
cursor,1475.png
cursor,1476.png
cursor,1477.png
cursor,1478.png
cursor,1479.png
cursor,1480.png
cursor,1481.png
cursor,1482.png
cursor,1483.png
cursor,1484.png
cursor,1485.png
cursor,1486.png
cursor,1487.png
cursor,1488.png
cursor,1489.png
cursor,1490.png
cursor,1491.png
cursor,1492.png
cursor,1493.png
cursor,1494.png
cursor,1495.png
cursor,1496.png
cursor,1497.png
cursor,1498.png
cursor,1499.png
cursor,1500.png
cursor,1501.png
cursor,1502.png
cursor,1503.png
cursor,1504.png
cursor,1505.png
cursor,1506.png
cursor,1507.png
cursor,1508.png
cursor,1509.png
cursor,1510.png
cursor,1511.png
cursor,1512.png
cursor,1513.png
cursor,1514.png
cursor,1515.png
cursor,1516.png
cursor,1517.png
cursor,1518.png
cursor,1519.png
cursor,1520.png
cursor,1521.png
cursor,1522.png
cursor,1523.png
cursor,1524.png
cursor,1525.png
cursor,1526.png
cursor,1527.png
cursor,1528.png
cursor,1529.png
cursor,1530.png
cursor,1531.png
cursor,1532.png
cursor,1533.png
cursor,1534.png
cursor,1535.png
cursor,1536.png
cursor,1537.png
cursor,1538.png
cursor,1539.png
cursor,1540.png
cursor,1541.png
cursor,1542.png
cursor,1543.png
cursor,1544.png
cursor,1545.png
cursor,1546.png
cursor,1547.png
cursor,1548.png
cursor,1549.png
cursor,1550.png
cursor,1551.png
cursor,1552.png
cursor,1553.png
cursor,1554.png
cursor,1555.png
cursor,1556.png
cursor,1557.png
cursor,1558.png
cursor,1559.png
cursor,1560.png
cursor,1561.png
cursor,1562.png
cursor,1563.png
cursor,1564.png
cursor,1565.png
cursor,1566.png
cursor,1567.png
cursor,1568.png
cursor,1569.png
cursor,1570.png
cursor,1571.png
cursor,1572.png
cursor,1573.png
cursor,1574.png
cursor,1575.png
cursor,1576.png
cursor,1577.png
cursor,1578.png
cursor,1579.png
cursor,1580.png
cursor,1581.png
cursor,1582.png
cursor,1583.png
cursor,1584.png
cursor,1585.png
cursor,1586.png
cursor,1587.png
cursor,1588.png
cursor,1589.png
cursor,1590.png
cursor,1591.png
cursor,1592.png
cursor,1593.png
cursor,1594.png
cursor,1595.png
cursor,1596.png
cursor,1597.png
cursor,1598.png
cursor,1599.png
cursor,1600.png
cursor,1601.png
cursor,1602.png
cursor,1603.png
cursor,1604.png
cursor,1605.png
cursor,1606.png
cursor,1607.png
cursor,1608.png
cursor,1609.png
cursor,1610.png
cursor,1611.png
cursor,1612.png
cursor,1613.png
cursor,1614.png
cursor,1615.png
cursor,1616.png
cursor,1617.png
cursor,1618.png
cursor,1619.png
cursor,1620.png
cursor,1621.png
cursor,1622.png
cursor,1623.png
cursor,1624.png
cursor,1625.png
cursor,1626.png
cursor,1627.png
cursor,1628.png
cursor,1629.png
cursor,1630.png
cursor,1631.png
cursor,1632.png
cursor,1633.png
cursor,1634.png
cursor,1635.png
cursor,1636.png
cursor,1637.png
cursor,1638.png
cursor,1639.png
cursor,1640.png
cursor,1641.png
cursor,1642.png
cursor,1643.png
cursor,1644.png
cursor,1645.png
cursor,1646.png
cursor,1647.png
cursor,1648.png
cursor,1649.png
cursor,1650.png
cursor,1651.png
cursor,1652.png
cursor,1653.png
cursor,1654.png
cursor,1655.png
cursor,1656.png
cursor,1657.png
cursor,1658.png
cursor,1659.png
cursor,1660.png
cursor,1661.png
cursor,1662.png
cursor,1663.png
cursor,1664.png
cursor,1665.png
cursor,1666.png
cursor,1667.png
cursor,1668.png
cursor,1669.png
cursor,1670.png
cursor,1671.png
cursor,1672.png
cursor,1673.png
cursor,1674.png
cursor,1675.png
cursor,1676.png
cursor,1677.png
cursor,1678.png
cursor,1679.png
cursor,1680.png
cursor,1681.png
cursor,1682.png
cursor,1683.png
cursor,1684.png
cursor,1685.png
cursor,1686.png
cursor,1687.png
cursor,1688.png
cursor,1689.png
cursor,1690.png
cursor,1691.png
cursor,1692.png
cursor,1693.png
cursor,1694.png
cursor,1695.png
cursor,1696.png
cursor,1697.png
cursor,1698.png
cursor,1699.png
cursor,1700.png
cursor,1701.png
cursor,1702.png
cursor,1703.png
cursor,1704.png
cursor,1705.png
cursor,1706.png
cursor,1707.png
cursor,1708.png
cursor,1709.png
cursor,1710.png
cursor,1711.png
cursor,1712.png
cursor,1713.png
cursor,1714.png
cursor,1715.png
cursor,1716.png
cursor,1717.png
cursor,1718.png
cursor,1719.png
cursor,1720.png
cursor,1721.png
cursor,1722.png
cursor,1723.png
cursor,1724.png
cursor,1725.png
cursor,1726.png
cursor,1727.png
cursor,1728.png
cursor,1729.png
cursor,1730.png
cursor,1731.png
cursor,1732.png
cursor,1733.png
cursor,1734.png
cursor,1735.png
cursor,1736.png
cursor,1737.png
cursor,1738.png
cursor,1739.png
cursor,1740.png
cursor,1741.png
cursor,1742.png
cursor,1743.png
cursor,1744.png
cursor,1745.png
cursor,1746.png
cursor,1747.png
cursor,1748.png
cursor,1749.png
cursor,1750.png
cursor,1751.png
cursor,1752.png
cursor,1753.png
cursor,1754.png
cursor,1755.png
cursor,1756.png
cursor,1757.png
cursor,1758.png
cursor,1759.png
cursor,1760.png
cursor,1761.png
cursor,1762.png
cursor,1763.png
cursor,1764.png
cursor,1765.png
cursor,1766.png
cursor,1767.png
cursor,1768.png
cursor,1769.png
cursor,1770.png
cursor,1771.png
cursor,1772.png
cursor,1773.png
cursor,1774.png
cursor,1775.png
cursor,1776.png
cursor,1777.png
cursor,1778.png
cursor,1779.png
cursor,1780.png
cursor,1781.png
cursor,1782.png
cursor,1783.png
cursor,1784.png
cursor,1785.png
cursor,1786.png
cursor,1787.png
cursor,1788.png
cursor,1789.png
cursor,1790.png
cursor,1791.png
cursor,1792.png
cursor,1793.png
cursor,1794.png
cursor,1795.png
cursor,1796.png
cursor,1797.png
cursor,1798.png
cursor,1799.png
cursor,1800.png
cursor,1801.png
cursor,1802.png
cursor,1803.png
cursor,1804.png
cursor,1805.png
cursor,1806.png
cursor,1807.png
cursor,1808.png
cursor,1809.png
cursor,1810.png
cursor,1811.png
cursor,1812.png
cursor,1813.png
cursor,1814.png
cursor,1815.png
cursor,1816.png
cursor,1817.png
cursor,1818.png
cursor,1819.png
cursor,1820.png
cursor,1821.png
cursor,1822.png
cursor,1823.png
cursor,1824.png
cursor,1825.png
cursor,1826.png
cursor,1827.png
cursor,1828.png
cursor,1829.png
cursor,1830.png
cursor,1831.png
cursor,1832.png
cursor,1833.png
cursor,1834.png
cursor,1835.png
cursor,1836.png
cursor,1837.png
cursor,1838.png
cursor,1839.png
cursor,1840.png
cursor,1841.png
cursor,1842.png
cursor,1843.png
cursor,1844.png
cursor,1845.png
cursor,1846.png
cursor,1847.png
cursor,1848.png
cursor,1849.png
cursor,1850.png
cursor,1851.png
cursor,1852.png
cursor,1853.png
cursor,1854.png
cursor,1855.png
cursor,1856.png
cursor,1857.png
cursor,1858.png
cursor,1859.png
cursor,1860.png
cursor,1861.png
cursor,1862.png
cursor,1863.png
cursor,1864.png
cursor,1865.png
cursor,1866.png
cursor,1867.png
cursor,1868.png
cursor,1869.png
cursor,1870.png
cursor,1871.png
cursor,1872.png
cursor,1873.png
cursor,1874.png
cursor,1875.png
cursor,1876.png
cursor,1877.png
cursor,1878.png
cursor,1879.png
cursor,1880.png
cursor,1881.png
cursor,1882.png
cursor,1883.png
cursor,1884.png
cursor,1885.png
cursor,1886.png
cursor,1887.png
cursor,1888.png
cursor,1889.png
cursor,1890.png
cursor,1891.png
cursor,1892.png
cursor,1893.png
cursor,1894.png
cursor,1895.png
cursor,1896.png
cursor,1897.png
cursor,1898.png
cursor,1899.png
cursor,1900.png
cursor,1901.png
cursor,1902.png
cursor,1903.png
cursor,1904.png
cursor,1905.png
cursor,1906.png
cursor,1907.png
cursor,1908.png
cursor,1909.png
cursor,1910.png
cursor,1911.png
cursor,1912.png
cursor,1913.png
cursor,1914.png
cursor,1915.png
cursor,1916.png
cursor,1917.png
cursor,1918.png
cursor,1919.png
cursor,1920.png
cursor,1921.png
cursor,1922.png
cursor,1923.png
cursor,1924.png
cursor,1925.png
cursor,1926.png
cursor,1927.png
cursor,1928.png
cursor,1929.png
cursor,1930.png
cursor,1931.png
cursor,1932.png
cursor,1933.png
cursor,1934.png
cursor,1935.png
cursor,1936.png
cursor,1937.png
cursor,1938.png
cursor,1939.png
cursor,1940.png
cursor,1941.png
cursor,1942.png
cursor,1943.png
cursor,1944.png
cursor,1945.png
cursor,1946.png
cursor,1947.png
cursor,1948.png
cursor,1949.png
cursor,1950.png
cursor,1951.png
cursor,1952.png
cursor,1953.png
cursor,1954.png
cursor,1955.png
cursor,1956.png
cursor,1957.png
cursor,1958.png
cursor,1959.png
cursor,1960.png
cursor,1961.png
cursor,1962.png
cursor,1963.png
cursor,1964.png
cursor,1965.png
cursor,1966.png
cursor,1967.png
cursor,1968.png
cursor,1969.png
cursor,1970.png
cursor,1971.png
cursor,1972.png
cursor,1973.png
cursor,1974.png
cursor,1975.png
cursor,1976.png
cursor,1977.png
cursor,1978.png
cursor,1979.png
cursor,1980.png
cursor,1981.png
cursor,1982.png
cursor,1983.png
cursor,1984.png
cursor,1985.png
cursor,1986.png
cursor,1987.png
cursor,1988.png
cursor,1989.png
cursor,1990.png
cursor,1991.png
cursor,1992.png
cursor,1993.png
cursor,1994.png
cursor,1995.png
cursor,1996.png
cursor,1997.png
cursor,1998.png
cursor,1999.png
cursor,2000.png
cursor,2001.png
cursor,2002.png
cursor,2003.png
cursor,2004.png
cursor,2005.png
cursor,2006.png
cursor,2007.png
cursor,2008.png
cursor,2009.png
cursor,2010.png
cursor,2011.png
cursor,2012.png
cursor,2013.png
cursor,2014.png
cursor,2015.png
cursor,2016.png
cursor,2017.png
cursor,2018.png
cursor,2019.png
cursor,2020.png
cursor,2021.png
cursor,2022.png
cursor,2023.png
cursor,2024.png
cursor,2025.png
cursor,2026.png
cursor,2027.png
cursor,2028.png
cursor,2029.png
cursor,2030.png
cursor,2031.png
cursor,2032.png
cursor,2033.png
cursor,2034.png
cursor,2035.png
cursor,2036.png
cursor,2037.png
cursor,2038.png
cursor,2039.png
cursor,2040.png
cursor,2041.png
cursor,2042.png
cursor,2043.png
cursor,2044.png
cursor,2045.png
cursor,2046.png
cursor,2047.png
cursor,2048.png
cursor,2049.png
cursor,2050.png
cursor,2051.png
cursor,2052.png
cursor,2053.png
cursor,2054.png
cursor,2055.png
cursor,2056.png
cursor,2057.png
cursor,2058.png
cursor,2059.png
cursor,2060.png
cursor,2061.png
cursor,2062.png
cursor,2063.png
cursor,2064.png
cursor,2065.png
cursor,2066.png
cursor,2067.png
cursor,2068.png
cursor,2069.png
cursor,2070.png
cursor,2071.png
cursor,2072.png
cursor,2073.png
cursor,2074.png
cursor,2075.png
cursor,2076.png
cursor,2077.png
cursor,2078.png
cursor,2079.png
cursor,2080.png
cursor,2081.png
cursor,2082.png
cursor,2083.png
cursor,2084.png
cursor,2085.png
cursor,2086.png
cursor,2087.png
cursor,2088.png
cursor,2089.png
cursor,2090.png
cursor,2091.png
cursor,2092.png
cursor,2093.png
cursor,2094.png
cursor,2095.png
cursor,2096.png
cursor,2097.png
cursor,2098.png
cursor,2099.png
cursor,2100.png
cursor,2101.png
cursor,2102.png
cursor,2103.png
cursor,2104.png
cursor,2105.png
cursor,2106.png
cursor,2107.png
cursor,2108.png
cursor,2109.png
cursor,2110.png
cursor,2111.png
cursor,2112.png
cursor,2113.png
cursor,2114.png
cursor,2115.png
cursor,2116.png
cursor,2117.png
cursor,2118.png
cursor,2119.png
cursor,2120.png
cursor,2121.png
cursor,2122.png
cursor,2123.png
cursor,2124.png
cursor,2125.png
cursor,2126.png
cursor,2127.png
cursor,2128.png
cursor,2129.png
cursor,2130.png
cursor,2131.png
cursor,2132.png
cursor,2133.png
cursor,2134.png
cursor,2135.png
cursor,2136.png
cursor,2137.png
cursor,2138.png
cursor,2139.png
cursor,2140.png
cursor,2141.png
cursor,2142.png
cursor,2143.png
cursor,2144.png
cursor,2145.png
cursor,2146.png
cursor,2147.png
cursor,2148.png
cursor,2149.png
cursor,2150.png
cursor,2151.png
cursor,2152.png
cursor,2153.png
cursor,2154.png
cursor,2155.png
cursor,2156.png
cursor,2157.png
cursor,2158.png
cursor,2159.png
cursor,2160.png
cursor,2161.png
cursor,2162.png
cursor,2163.png
cursor,2164.png
cursor,2165.png
cursor,2166.png
cursor,2167.png
cursor,2168.png
cursor,2169.png
cursor,2170.png
cursor,2171.png
cursor,2172.png
cursor,2173.png
cursor,2174.png
cursor,2175.png
cursor,2176.png
cursor,2177.png
cursor,2178.png
cursor,2179.png
cursor,2180.png
cursor,2181.png
cursor,2182.png
cursor,2183.png
cursor,2184.png
cursor,2185.png
cursor,2186.png
cursor,2187.png
cursor,2188.png
cursor,2189.png
cursor,2190.png
cursor,2191.png
cursor,2192.png
cursor,2193.png
cursor,2194.png
cursor,2195.png
cursor,2196.png
cursor,2197.png
cursor,2198.png
cursor,2199.png
cursor,2200.png
cursor,2201.png
cursor,2202.png
cursor,2203.png
cursor,2204.png
cursor,2205.png
cursor,2206.png
cursor,2207.png
cursor,2208.png
cursor,2209.png
cursor,2210.png
cursor,2211.png
cursor,2212.png
cursor,2213.png
cursor,2214.png
cursor,2215.png
cursor,2216.png
cursor,2217.png
cursor,2218.png
cursor,2219.png
cursor,2220.png
cursor,2221.png
cursor,2222.png
cursor,2223.png
cursor,2224.png
cursor,2225.png
cursor,2226.png
cursor,2227.png
cursor,2228.png
cursor,2229.png
cursor,2230.png
cursor,2231.png
cursor,2232.png
cursor,2233.png
cursor,2234.png
cursor,2235.png
cursor,2236.png
cursor,2237.png
cursor,2238.png
cursor,2239.png
cursor,2240.png
cursor,2241.png
cursor,2242.png
cursor,2243.png
cursor,2244.png
cursor,2245.png
cursor,2246.png
cursor,2247.png
cursor,2248.png
cursor,2249.png
cursor,2250.png
cursor,2251.png
cursor,2252.png
cursor,2253.png
cursor,2254.png
cursor,2255.png
cursor,2256.png
cursor,2257.png
cursor,2258.png
cursor,2259.png
cursor,2260.png
cursor,2261.png
cursor,2262.png
cursor,2263.png
cursor,2264.png
cursor,2265.png
cursor,2266.png
cursor,2267.png
cursor,2268.png
cursor,2269.png
cursor,2270.png
cursor,2271.png
cursor,2272.png
cursor,2273.png
cursor,2274.png
cursor,2275.png
cursor,2276.png
cursor,2277.png
cursor,2278.png
cursor,2279.png
cursor,2280.png
cursor,2281.png
cursor,2282.png
cursor,2283.png
cursor,2284.png
cursor,2285.png
cursor,2286.png
cursor,2287.png
cursor,2288.png
cursor,2289.png
cursor,2290.png
cursor,2291.png
cursor,2292.png
cursor,2293.png
cursor,2294.png
cursor,2295.png
cursor,2296.png
cursor,2297.png
cursor,2298.png
cursor,2299.png
cursor,2300.png
cursor,2301.png
cursor,2302.png
cursor,2303.png
cursor,2304.png
cursor,2305.png
cursor,2306.png
cursor,2307.png
cursor,2308.png
cursor,2309.png
cursor,2310.png
cursor,2311.png
cursor,2312.png
cursor,2313.png
cursor,2314.png
cursor,2315.png
cursor,2316.png
cursor,2317.png
cursor,2318.png
cursor,2319.png
cursor,2320.png
cursor,2321.png
cursor,2322.png
cursor,2323.png
cursor,2324.png
cursor,2325.png
cursor,2326.png
cursor,2327.png
cursor,2328.png
cursor,2329.png
cursor,2330.png
cursor,2331.png
cursor,2332.png
cursor,2333.png
cursor,2334.png
cursor,2335.png
cursor,2336.png
cursor,2337.png
cursor,2338.png
cursor,2339.png
cursor,2340.png
cursor,2341.png
cursor,2342.png
cursor,2343.png
cursor,2344.png
cursor,2345.png
cursor,2346.png
cursor,2347.png
cursor,2348.png
cursor,2349.png
cursor,2350.png
cursor,2351.png
cursor,2352.png
cursor,2353.png
cursor,2354.png
cursor,2355.png
cursor,2356.png
cursor,2357.png
cursor,2358.png
cursor,2359.png
cursor,2360.png
cursor,2361.png
cursor,2362.png
cursor,2363.png
cursor,2364.png
cursor,2365.png
cursor,2366.png
cursor,2367.png
cursor,2368.png
cursor,2369.png
cursor,2370.png
cursor,2371.png
cursor,2372.png
cursor,2373.png
cursor,2374.png
cursor,2375.png
cursor,2376.png
cursor,2377.png
cursor,2378.png
cursor,2379.png
cursor,2380.png
cursor,2381.png
cursor,2382.png
cursor,2383.png
cursor,2384.png
cursor,2385.png
cursor,2386.png
cursor,2387.png
cursor,2388.png
cursor,2389.png
cursor,2390.png
cursor,2391.png
cursor,2392.png
cursor,2393.png
cursor,2394.png
cursor,2395.png
cursor,2396.png
cursor,2397.png
cursor,2398.png
cursor,2399.png
cursor,2400.png
cursor,2401.png
cursor,2402.png
cursor,2403.png
cursor,2404.png
cursor,2405.png
cursor,2406.png
cursor,2407.png
cursor,2408.png
cursor,2409.png
cursor,2410.png
cursor,2411.png
cursor,2412.png
cursor,2413.png
cursor,2414.png
cursor,2415.png
cursor,2416.png
cursor,2417.png
cursor,2418.png
cursor,2419.png
cursor,2420.png
cursor,2421.png
cursor,2422.png
cursor,2423.png
cursor,2424.png
cursor,2425.png
cursor,2426.png
cursor,2427.png
cursor,2428.png
cursor,2429.png
cursor,2430.png
cursor,2431.png
cursor,2432.png
cursor,2433.png
cursor,2434.png
cursor,2435.png
cursor,2436.png
cursor,2437.png
cursor,2438.png
cursor,2439.png
cursor,2440.png
cursor,2441.png
cursor,2442.png
cursor,2443.png
cursor,2444.png
cursor,2445.png
cursor,2446.png
cursor,2447.png
cursor,2448.png
cursor,2449.png
cursor,2450.png
cursor,2451.png
cursor,2452.png
cursor,2453.png
cursor,2454.png
cursor,2455.png
cursor,2456.png
cursor,2457.png
cursor,2458.png
cursor,2459.png
cursor,2460.png
cursor,2461.png
cursor,2462.png
cursor,2463.png
cursor,2464.png
cursor,2465.png
cursor,2466.png
cursor,2467.png
cursor,2468.png
cursor,2469.png
cursor,2470.png
cursor,2471.png
cursor,2472.png
cursor,2473.png
cursor,2474.png
cursor,2475.png
cursor,2476.png
cursor,2477.png
cursor,2478.png
cursor,2479.png
cursor,2480.png
cursor,2481.png
cursor,2482.png
cursor,2483.png
cursor,2484.png
cursor,2485.png
cursor,2486.png
cursor,2487.png
cursor,2488.png
cursor,2489.png
cursor,2490.png
cursor,2491.png
cursor,2492.png
cursor,2493.png
cursor,2494.png
cursor,2495.png
cursor,2496.png
cursor,2497.png
cursor,2498.png
cursor,2499.png
cursor,2500.png
cursor,2501.png
cursor,2502.png
cursor,2503.png
cursor,2504.png
cursor,2505.png
cursor,2506.png
cursor,2507.png
cursor,2508.png
cursor,2509.png
cursor,2510.png
cursor,2511.png
cursor,2512.png
cursor,2513.png
cursor,2514.png
cursor,2515.png
cursor,2516.png
cursor,2517.png
cursor,2518.png
cursor,2519.png
cursor,2520.png
cursor,2521.png
cursor,2522.png
cursor,2523.png
cursor,2524.png
cursor,2525.png
cursor,2526.png
cursor,2527.png
cursor,2528.png
cursor,2529.png
cursor,2530.png
cursor,2531.png
cursor,2532.png
cursor,2533.png
cursor,2534.png
cursor,2535.png
cursor,2536.png
cursor,2537.png
cursor,2538.png
cursor,2539.png
cursor,2540.png
cursor,2541.png
cursor,2542.png
cursor,2543.png
cursor,2544.png
cursor,2545.png
cursor,2546.png
cursor,2547.png
cursor,2548.png
cursor,2549.png
cursor,2550.png
cursor,2551.png
cursor,2552.png
cursor,2553.png
cursor,2554.png
cursor,2555.png
cursor,2556.png
cursor,2557.png
cursor,2558.png
cursor,2559.png
cursor,2560.png
cursor,2561.png
cursor,2562.png
cursor,2563.png
cursor,2564.png
cursor,2565.png
cursor,2566.png
cursor,2567.png
cursor,2568.png
cursor,2569.png
cursor,2570.png
cursor,2571.png
cursor,2572.png
cursor,2573.png
cursor,2574.png
cursor,2575.png
cursor,2576.png
cursor,2577.png
cursor,2578.png
cursor,2579.png
cursor,2580.png
cursor,2581.png
cursor,2582.png
cursor,2583.png
cursor,2584.png
cursor,2585.png
cursor,2586.png
cursor,2587.png
cursor,2588.png
cursor,2589.png
cursor,2590.png
cursor,2591.png
cursor,2592.png
cursor,2593.png
cursor,2594.png
cursor,2595.png
cursor,2596.png
cursor,2597.png
cursor,2598.png
cursor,2599.png
cursor,2600.png
cursor,2601.png
cursor,2602.png
cursor,2603.png
cursor,2604.png
cursor,2605.png
cursor,2606.png
cursor,2607.png
cursor,2608.png
cursor,2609.png
cursor,2610.png
cursor,2611.png
cursor,2612.png
cursor,2613.png
cursor,2614.png
cursor,2615.png
cursor,2616.png
cursor,2617.png
cursor,2618.png
cursor,2619.png
cursor,2620.png
cursor,2621.png
cursor,2622.png
cursor,2623.png
cursor,2624.png
cursor,2625.png
cursor,2626.png
cursor,2627.png
cursor,2628.png
cursor,2629.png
cursor,2630.png
cursor,2631.png
cursor,2632.png
cursor,2633.png
cursor,2634.png
cursor,2635.png
cursor,2636.png
cursor,2637.png
cursor,2638.png
cursor,2639.png
cursor,2640.png
cursor,2641.png
cursor,2642.png
cursor,2643.png
cursor,2644.png
cursor,2645.png
cursor,2646.png
cursor,2647.png
cursor,2648.png
cursor,2649.png
cursor,2650.png
cursor,2651.png
cursor,2652.png
cursor,2653.png
cursor,2654.png
cursor,2655.png
cursor,2656.png
cursor,2657.png
cursor,2658.png
cursor,2659.png
cursor,2660.png
cursor,2661.png
cursor,2662.png
cursor,2663.png
cursor,2664.png
cursor,2665.png
cursor,2666.png
cursor,2667.png
cursor,2668.png
cursor,2669.png
cursor,2670.png
cursor,2671.png
cursor,2672.png
cursor,2673.png
cursor,2674.png
cursor,2675.png
cursor,2676.png
cursor,2677.png
cursor,2678.png
cursor,2679.png
cursor,2680.png
cursor,2681.png
cursor,2682.png
cursor,2683.png
cursor,2684.png
cursor,2685.png
cursor,2686.png
cursor,2687.png
cursor,2688.png
cursor,2689.png
cursor,2690.png
cursor,2691.png
cursor,2692.png
cursor,2693.png
cursor,2694.png
cursor,2695.png
cursor,2696.png
cursor,2697.png
cursor,2698.png
cursor,2699.png
cursor,2700.png
cursor,2701.png
cursor,2702.png
cursor,2703.png
cursor,2704.png
cursor,2705.png
cursor,2706.png
cursor,2707.png
cursor,2708.png
cursor,2709.png
cursor,2710.png
cursor,2711.png
cursor,2712.png
cursor,2713.png
cursor,2714.png
cursor,2715.png
cursor,2716.png
cursor,2717.png
cursor,2718.png
cursor,2719.png
cursor,2720.png
cursor,2721.png
cursor,2722.png
cursor,2723.png
cursor,2724.png
cursor,2725.png
cursor,2726.png
cursor,2727.png
cursor,2728.png
cursor,2729.png
cursor,2730.png
cursor,2731.png
cursor,2732.png
cursor,2733.png
cursor,2734.png
cursor,2735.png
cursor,2736.png
cursor,2737.png
cursor,2738.png
cursor,2739.png
cursor,2740.png
cursor,2741.png
cursor,2742.png
cursor,2743.png
cursor,2744.png
cursor,2745.png
cursor,2746.png
cursor,2747.png
cursor,2748.png
cursor,2749.png
cursor,2750.png
cursor,2751.png
cursor,2752.png
cursor,2753.png
cursor,2754.png
cursor,2755.png
cursor,2756.png
cursor,2757.png
cursor,2758.png
cursor,2759.png
cursor,2760.png
cursor,2761.png
cursor,2762.png
cursor,2763.png
cursor,2764.png
cursor,2765.png
cursor,2766.png
cursor,2767.png
cursor,2768.png
cursor,2769.png
cursor,2770.png
cursor,2771.png
cursor,2772.png
cursor,2773.png
cursor,2774.png
cursor,2775.png
cursor,2776.png
cursor,2777.png
cursor,2778.png
cursor,2779.png
cursor,2780.png
cursor,2781.png
cursor,2782.png
cursor,2783.png
cursor,2784.png
cursor,2785.png
cursor,2786.png
cursor,2787.png
cursor,2788.png
cursor,2789.png
cursor,2790.png
cursor,2791.png
cursor,2792.png
cursor,2793.png
cursor,2794.png
cursor,2795.png
cursor,2796.png
cursor,2797.png
cursor,2798.png
cursor,2799.png
cursor,2800.png
cursor,2801.png
cursor,2802.png
cursor,2803.png
cursor,2804.png
cursor,2805.png
cursor,2806.png
cursor,2807.png
cursor,2808.png
cursor,2809.png
cursor,2810.png
cursor,2811.png
cursor,2812.png
cursor,2813.png
cursor,2814.png
cursor,2815.png
cursor,2816.png
cursor,2817.png
cursor,2818.png
cursor,2819.png
cursor,2820.png
cursor,2821.png
cursor,2822.png
cursor,2823.png
cursor,2824.png
cursor,2825.png
cursor,2826.png
cursor,2827.png
cursor,2828.png
cursor,2829.png
cursor,2830.png
cursor,2831.png
cursor,2832.png
cursor,2833.png
cursor,2834.png
cursor,2835.png
cursor,2836.png
cursor,2837.png
cursor,2838.png
cursor,2839.png
cursor,2840.png
cursor,2841.png
cursor,2842.png
cursor,2843.png
cursor,2844.png
cursor,2845.png
cursor,2846.png
cursor,2847.png
cursor,2848.png
cursor,2849.png
cursor,2850.png
cursor,2851.png
cursor,2852.png
cursor,2853.png
cursor,2854.png
cursor,2855.png
cursor,2856.png
cursor,2857.png
cursor,2858.png
cursor,2859.png
cursor,2860.png
cursor,2861.png
cursor,2862.png
cursor,2863.png
cursor,2864.png
cursor,2865.png
cursor,2866.png
cursor,2867.png
cursor,2868.png
cursor,2869.png
cursor,2870.png
cursor,2871.png
cursor,2872.png
cursor,2873.png
cursor,2874.png
cursor,2875.png
cursor,2876.png
cursor,2877.png
cursor,2878.png
cursor,2879.png
cursor,2880.png
cursor,2881.png
cursor,2882.png
cursor,2883.png
cursor,2884.png
cursor,2885.png
cursor,2886.png
cursor,2887.png
cursor,2888.png
cursor,2889.png
cursor,2890.png
cursor,2891.png
cursor,2892.png
cursor,2893.png
cursor,2894.png
cursor,2895.png
cursor,2896.png
cursor,2897.png
cursor,2898.png
cursor,2899.png
cursor,2900.png
cursor,2901.png
cursor,2902.png
cursor,2903.png
cursor,2904.png
cursor,2905.png
cursor,2906.png
cursor,2907.png
cursor,2908.png
cursor,2909.png
cursor,2910.png
cursor,2911.png
cursor,2912.png
cursor,2913.png
cursor,2914.png
cursor,2915.png
cursor,2916.png
cursor,2917.png
cursor,2918.png
cursor,2919.png
cursor,2920.png
cursor,2921.png
cursor,2922.png
cursor,2923.png
cursor,2924.png
cursor,2925.png
cursor,2926.png
cursor,2927.png
cursor,2928.png
cursor,2929.png
cursor,2930.png
cursor,2931.png
cursor,2932.png
cursor,2933.png
cursor,2934.png
cursor,2935.png
cursor,2936.png
cursor,2937.png
cursor,2938.png
cursor,2939.png
cursor,2940.png
cursor,2941.png
cursor,2942.png
cursor,2943.png
cursor,2944.png
cursor,2945.png
cursor,2946.png
cursor,2947.png
cursor,2948.png
cursor,2949.png
cursor,2950.png
cursor,2951.png
cursor,2952.png
cursor,2953.png
cursor,2954.png
cursor,2955.png
cursor,2956.png
cursor,2957.png
cursor,2958.png
cursor,2959.png
cursor,2960.png
cursor,2961.png
cursor,2962.png
cursor,2963.png
cursor,2964.png
cursor,2965.png
cursor,2966.png
cursor,2967.png
cursor,2968.png
cursor,2969.png
cursor,2970.png
cursor,2971.png
cursor,2972.png
cursor,2973.png
cursor,2974.png
cursor,2975.png
cursor,2976.png
cursor,2977.png
cursor,2978.png
cursor,2979.png
cursor,2980.png
cursor,2981.png
cursor,2982.png
cursor,2983.png
cursor,2984.png
cursor,2985.png
cursor,2986.png
cursor,2987.png
cursor,2988.png
cursor,2989.png
cursor,2990.png
cursor,2991.png
cursor,2992.png
cursor,2993.png
cursor,2994.png
cursor,2995.png
cursor,2996.png
cursor,2997.png
cursor,2998.png
cursor,2999.png
cursor,3000.png
cursor,3001.png
cursor,3002.png
double_click,1.png
double_click,10.png
double_click,11.png
double_click,12.png
double_click,13.png
double_click,14.png
double_click,15.png
double_click,16.png
double_click,17.png
double_click,18.png
double_click,19.png
double_click,100.png
double_click,101.png
double_click,102.png
double_click,103.png
double_click,104.png
double_click,105.png
double_click,106.png
double_click,107.png
double_click,108.png
double_click,109.png
double_click,110.png
double_click,111.png
double_click,112.png
double_click,113.png
double_click,114.png
double_click,115.png
double_click,116.png
double_click,117.png
double_click,118.png
double_click,119.png
double_click,120.png
double_click,121.png
double_click,122.png
double_click,123.png
double_click,124.png
double_click,125.png
double_click,126.png
double_click,127.png
double_click,128.png
double_click,129.png
double_click,130.png
double_click,131.png
double_click,132.png
double_click,133.png
double_click,134.png
double_click,135.png
double_click,136.png
double_click,137.png
double_click,138.png
double_click,139.png
double_click,140.png
double_click,141.png
double_click,142.png
double_click,143.png
double_click,144.png
double_click,145.png
double_click,146.png
double_click,147.png
double_click,148.png
double_click,149.png
double_click,150.png
double_click,151.png
double_click,152.png
double_click,153.png
double_click,154.png
double_click,155.png
double_click,156.png
double_click,157.png
double_click,158.png
double_click,159.png
double_click,160.png
double_click,161.png
double_click,162.png
double_click,163.png
double_click,164.png
double_click,165.png
double_click,166.png
double_click,167.png
double_click,168.png
double_click,169.png
double_click,170.png
double_click,171.png
double_click,172.png
double_click,173.png
double_click,174.png
double_click,175.png
double_click,176.png
double_click,177.png
double_click,178.png
double_click,179.png
double_click,180.png
double_click,181.png
double_click,182.png
double_click,183.png
double_click,184.png
double_click,185.png
double_click,186.png
double_click,187.png
double_click,188.png
double_click,189.png
double_click,190.png
double_click,191.png
double_click,192.png
double_click,193.png
double_click,194.png
double_click,195.png
double_click,196.png
double_click,197.png
double_click,1000.png
double_click,1001.png
double_click,1002.png
double_click,1003.png
double_click,1004.png
double_click,1005.png
double_click,1006.png
double_click,1007.png
double_click,1008.png
double_click,1009.png
double_click,1010.png
double_click,1011.png
double_click,1012.png
double_click,1013.png
double_click,1014.png
double_click,1015.png
double_click,1016.png
double_click,1017.png
double_click,1018.png
double_click,1019.png
double_click,1020.png
double_click,1021.png
double_click,1022.png
double_click,1023.png
double_click,1024.png
double_click,1025.png
double_click,1026.png
double_click,1027.png
double_click,1028.png
double_click,1029.png
double_click,1030.png
double_click,1031.png
double_click,1032.png
double_click,1033.png
double_click,1034.png
double_click,1035.png
double_click,1036.png
double_click,1037.png
double_click,1038.png
double_click,1039.png
double_click,1040.png
double_click,1041.png
double_click,1042.png
double_click,1043.png
double_click,1044.png
double_click,1045.png
double_click,1046.png
double_click,1047.png
double_click,1048.png
double_click,1049.png
double_click,1050.png
double_click,1051.png
double_click,1052.png
double_click,1053.png
double_click,1054.png
double_click,1055.png
double_click,1056.png
double_click,1057.png
double_click,1058.png
double_click,1059.png
double_click,1060.png
double_click,1061.png
double_click,1062.png
double_click,1063.png
double_click,1064.png
double_click,1065.png
double_click,1066.png
double_click,1067.png
double_click,1068.png
double_click,1069.png
double_click,1070.png
double_click,1071.png
double_click,1072.png
double_click,1073.png
double_click,1074.png
double_click,1075.png
double_click,1076.png
double_click,1077.png
double_click,1078.png
double_click,1079.png
double_click,1080.png
double_click,1081.png
double_click,1082.png
double_click,1083.png
double_click,1084.png
double_click,1085.png
double_click,1086.png
double_click,1087.png
double_click,1088.png
double_click,1089.png
double_click,1090.png
double_click,1091.png
double_click,1092.png
double_click,1093.png
double_click,1094.png
double_click,1095.png
double_click,1096.png
double_click,1097.png
double_click,1098.png
double_click,1099.png
double_click,1100.png
double_click,1101.png
double_click,1102.png
double_click,1103.png
double_click,1104.png
double_click,1105.png
double_click,1106.png
double_click,1107.png
double_click,1108.png
double_click,1109.png
double_click,1110.png
double_click,1111.png
double_click,1112.png
double_click,1113.png
double_click,1114.png
double_click,1115.png
double_click,1116.png
double_click,1117.png
double_click,1118.png
double_click,1119.png
double_click,1120.png
double_click,1121.png
double_click,1122.png
double_click,1123.png
double_click,1124.png
double_click,1125.png
double_click,1126.png
double_click,1127.png
double_click,1128.png
double_click,1129.png
double_click,1130.png
double_click,1131.png
double_click,1132.png
double_click,1133.png
double_click,1134.png
double_click,1135.png
double_click,1136.png
double_click,1137.png
double_click,1138.png
double_click,1139.png
double_click,1140.png
double_click,1141.png
double_click,1142.png
double_click,1143.png
double_click,1144.png
double_click,1145.png
double_click,1146.png
double_click,1147.png
double_click,1148.png
double_click,1149.png
double_click,1150.png
double_click,1151.png
double_click,1152.png
double_click,1153.png
double_click,1154.png
double_click,1155.png
double_click,1156.png
double_click,1157.png
double_click,1158.png
double_click,1159.png
double_click,1160.png
double_click,1161.png
double_click,1162.png
double_click,1163.png
double_click,1164.png
double_click,1165.png
double_click,1166.png
double_click,1167.png
double_click,1168.png
double_click,1169.png
double_click,1170.png
double_click,1171.png
double_click,1172.png
double_click,1173.png
double_click,1174.png
double_click,1175.png
double_click,1176.png
double_click,1177.png
double_click,1178.png
double_click,1179.png
double_click,1180.png
double_click,1181.png
double_click,1182.png
double_click,1183.png
double_click,1184.png
double_click,1185.png
double_click,1186.png
double_click,1187.png
double_click,1188.png
double_click,1189.png
double_click,1190.png
double_click,1191.png
double_click,1192.png
double_click,1193.png
double_click,1194.png
double_click,1195.png
double_click,1196.png
double_click,1197.png
double_click,1198.png
double_click,1199.png
double_click,1200.png
double_click,1201.png
double_click,1202.png
double_click,1203.png
double_click,1204.png
double_click,1205.png
double_click,1206.png
double_click,1207.png
double_click,1208.png
double_click,1209.png
double_click,1210.png
double_click,1211.png
double_click,1212.png
double_click,1213.png
double_click,1214.png
double_click,1215.png
double_click,1216.png
double_click,1217.png
double_click,1218.png
double_click,1219.png
double_click,1220.png
double_click,1221.png
double_click,1222.png
double_click,1223.png
double_click,1224.png
double_click,1225.png
double_click,1226.png
double_click,1227.png
double_click,1228.png
double_click,1229.png
double_click,1230.png
double_click,1231.png
double_click,1232.png
double_click,1233.png
double_click,1234.png
double_click,1235.png
double_click,1236.png
double_click,1237.png
double_click,1238.png
double_click,1239.png
double_click,1240.png
double_click,1241.png
double_click,1242.png
double_click,1243.png
double_click,1244.png
double_click,1245.png
double_click,1246.png
double_click,1247.png
double_click,1248.png
double_click,1249.png
double_click,1250.png
double_click,1251.png
double_click,1252.png
double_click,1253.png
double_click,1254.png
double_click,1255.png
double_click,1256.png
double_click,1257.png
double_click,1258.png
double_click,1259.png
double_click,1260.png
double_click,1261.png
double_click,1262.png
double_click,1263.png
double_click,1264.png
double_click,1265.png
double_click,1266.png
double_click,1267.png
double_click,1268.png
double_click,1269.png
double_click,1270.png
double_click,1271.png
double_click,1272.png
double_click,1273.png
double_click,1274.png
double_click,1275.png
double_click,1276.png
double_click,1277.png
double_click,1278.png
double_click,1279.png
double_click,1280.png
double_click,1281.png
double_click,1282.png
double_click,1283.png
double_click,1284.png
double_click,1285.png
double_click,1286.png
double_click,1287.png
double_click,1288.png
double_click,1289.png
double_click,1290.png
double_click,1291.png
double_click,1292.png
double_click,1293.png
double_click,1294.png
double_click,1295.png
double_click,1296.png
double_click,1297.png
double_click,1298.png
double_click,1299.png
double_click,1300.png
double_click,1301.png
double_click,1302.png
double_click,1303.png
double_click,1304.png
double_click,1305.png
double_click,1306.png
double_click,1307.png
double_click,1308.png
double_click,1309.png
double_click,1310.png
double_click,1311.png
double_click,1312.png
double_click,1313.png
double_click,1314.png
double_click,1315.png
double_click,1316.png
double_click,1317.png
double_click,1318.png
double_click,1319.png
double_click,1320.png
double_click,1321.png
double_click,1322.png
double_click,1323.png
double_click,1324.png
double_click,1325.png
double_click,1326.png
double_click,1327.png
double_click,1328.png
double_click,1329.png
double_click,1330.png
double_click,1331.png
double_click,1332.png
double_click,1333.png
double_click,1334.png
double_click,1335.png
double_click,1336.png
double_click,1337.png
double_click,1338.png
double_click,1339.png
double_click,1340.png
double_click,1341.png
double_click,1342.png
double_click,1343.png
double_click,1344.png
double_click,1345.png
double_click,1346.png
double_click,1347.png
double_click,1348.png
double_click,1349.png
double_click,1350.png
double_click,1351.png
double_click,1352.png
double_click,1353.png
double_click,1354.png
double_click,1355.png
double_click,1356.png
double_click,1357.png
double_click,1358.png
double_click,1359.png
double_click,1360.png
double_click,1361.png
double_click,1362.png
double_click,1363.png
double_click,1364.png
double_click,1365.png
double_click,1366.png
double_click,1367.png
double_click,1368.png
double_click,1369.png
double_click,1370.png
double_click,1371.png
double_click,1372.png
double_click,1373.png
double_click,1374.png
double_click,1375.png
double_click,1376.png
double_click,1377.png
double_click,1378.png
double_click,1379.png
double_click,1380.png
double_click,1381.png
double_click,1382.png
double_click,1383.png
double_click,1384.png
double_click,1385.png
double_click,1386.png
double_click,1387.png
double_click,1388.png
double_click,1389.png
double_click,1390.png
double_click,1391.png
double_click,1392.png
double_click,1393.png
double_click,1394.png
double_click,1395.png
double_click,1396.png
double_click,1397.png
double_click,1398.png
double_click,1399.png
double_click,1400.png
double_click,1401.png
double_click,1402.png
double_click,1403.png
double_click,1404.png
double_click,1405.png
double_click,1406.png
double_click,1407.png
double_click,1408.png
double_click,1409.png
double_click,1410.png
double_click,1411.png
double_click,1412.png
double_click,1413.png
double_click,1414.png
double_click,1415.png
double_click,1416.png
double_click,1417.png
double_click,1418.png
double_click,1419.png
double_click,1420.png
double_click,1421.png
double_click,1422.png
double_click,1423.png
double_click,1424.png
double_click,1425.png
double_click,1426.png
double_click,1427.png
double_click,1428.png
double_click,1429.png
double_click,1430.png
double_click,1431.png
double_click,1432.png
double_click,1433.png
double_click,1434.png
double_click,1435.png
double_click,1436.png
double_click,1437.png
double_click,1438.png
double_click,1439.png
double_click,1440.png
double_click,1441.png
double_click,1442.png
double_click,1443.png
double_click,1444.png
double_click,1445.png
double_click,1446.png
double_click,1447.png
double_click,1448.png
double_click,1449.png
double_click,1450.png
double_click,1451.png
double_click,1452.png
double_click,1453.png
double_click,1454.png
double_click,1455.png
double_click,1456.png
double_click,1457.png
double_click,1458.png
double_click,1459.png
double_click,1460.png
double_click,1461.png
double_click,1462.png
double_click,1463.png
double_click,1464.png
double_click,1465.png
double_click,1466.png
double_click,1467.png
double_click,1468.png
double_click,1469.png
double_click,1470.png
double_click,1471.png
double_click,1472.png
double_click,1473.png
double_click,1474.png
double_click,1475.png
double_click,1476.png
double_click,1477.png
double_click,1478.png
double_click,1479.png
double_click,1480.png
double_click,1481.png
double_click,1482.png
double_click,1483.png
double_click,1484.png
double_click,1485.png
double_click,1486.png
double_click,1487.png
double_click,1488.png
double_click,1489.png
double_click,1490.png
double_click,1491.png
double_click,1492.png
double_click,1493.png
double_click,1494.png
double_click,1495.png
double_click,1496.png
double_click,1497.png
double_click,1498.png
double_click,1499.png
double_click,1500.png
double_click,1501.png
double_click,1502.png
double_click,1503.png
double_click,1504.png
double_click,1505.png
double_click,1506.png
double_click,1507.png
double_click,1508.png
double_click,1509.png
double_click,1510.png
double_click,1511.png
double_click,1512.png
double_click,1513.png
double_click,1514.png
double_click,1515.png
double_click,1516.png
double_click,1517.png
double_click,1518.png
double_click,1519.png
double_click,1520.png
double_click,1521.png
double_click,1522.png
double_click,1523.png
double_click,1524.png
double_click,1525.png
double_click,1526.png
double_click,1527.png
double_click,1528.png
double_click,1529.png
double_click,1530.png
double_click,1531.png
double_click,1532.png
double_click,1533.png
double_click,1534.png
double_click,1535.png
double_click,1536.png
double_click,1537.png
double_click,1538.png
double_click,1539.png
double_click,1540.png
double_click,1541.png
double_click,1542.png
double_click,1543.png
double_click,1544.png
double_click,1545.png
double_click,1546.png
double_click,1547.png
double_click,1548.png
double_click,1549.png
double_click,1550.png
double_click,1551.png
double_click,1552.png
double_click,1553.png
double_click,1554.png
double_click,1555.png
double_click,1558.png
double_click,1559.png
double_click,1560.png
double_click,1561.png
double_click,1563.png
double_click,1564.png
double_click,1565.png
double_click,1566.png
double_click,1567.png
double_click,1568.png
double_click,1571.png
double_click,1572.png
double_click,1573.png
double_click,1574.png
double_click,1575.png
double_click,1576.png
double_click,1580.png
double_click,1581.png
double_click,1582.png
double_click,1583.png
double_click,1584.png
double_click,1585.png
double_click,1586.png
double_click,1587.png
double_click,1588.png
double_click,1589.png
double_click,1590.png
double_click,1591.png
double_click,1592.png
double_click,1593.png
double_click,1594.png
double_click,1595.png
double_click,1596.png
double_click,1597.png
double_click,1598.png
double_click,1599.png
double_click,1600.png
double_click,1601.png
double_click,1602.png
double_click,1603.png
double_click,1604.png
double_click,1605.png
double_click,1606.png
double_click,1607.png
double_click,1608.png
double_click,1609.png
double_click,1610.png
double_click,1611.png
double_click,1612.png
double_click,1613.png
double_click,1614.png
double_click,1615.png
double_click,1616.png
double_click,1617.png
double_click,1618.png
double_click,1619.png
double_click,1620.png
double_click,1621.png
double_click,1622.png
double_click,1623.png
double_click,1624.png
double_click,1625.png
double_click,1626.png
double_click,1627.png
double_click,1628.png
double_click,1629.png
double_click,1630.png
double_click,1631.png
double_click,1632.png
double_click,1633.png
double_click,1634.png
double_click,1635.png
double_click,1636.png
double_click,1637.png
double_click,1638.png
double_click,1639.png
double_click,1640.png
double_click,1641.png
double_click,1642.png
double_click,1643.png
double_click,1644.png
double_click,1645.png
double_click,1646.png
double_click,1647.png
double_click,1648.png
double_click,1649.png
double_click,1650.png
double_click,1651.png
double_click,1652.png
double_click,1653.png
double_click,1654.png
double_click,1655.png
double_click,1656.png
double_click,1657.png
double_click,1658.png
double_click,1659.png
double_click,1660.png
double_click,1661.png
double_click,1662.png
double_click,1663.png
double_click,1664.png
double_click,1665.png
double_click,1666.png
double_click,1667.png
double_click,1668.png
double_click,1669.png
double_click,1670.png
double_click,1671.png
double_click,1672.png
double_click,1674.png
double_click,1675.png
double_click,1676.png
double_click,1677.png
double_click,1678.png
double_click,1679.png
double_click,1680.png
double_click,1681.png
double_click,1682.png
double_click,1683.png
double_click,1684.png
double_click,1685.png
double_click,1686.png
double_click,1687.png
double_click,1688.png
double_click,1689.png
double_click,1690.png
double_click,1691.png
double_click,1692.png
double_click,1693.png
double_click,1694.png
double_click,1695.png
double_click,1696.png
double_click,1697.png
double_click,1698.png
double_click,1699.png
double_click,1700.png
double_click,1701.png
double_click,1702.png
double_click,1703.png
double_click,1704.png
double_click,1705.png
double_click,1706.png
double_click,1707.png
double_click,1708.png
double_click,1709.png
double_click,1710.png
double_click,1711.png
double_click,1712.png
double_click,1713.png
double_click,1714.png
double_click,1715.png
double_click,1716.png
double_click,1717.png
double_click,1718.png
double_click,1719.png
double_click,1720.png
double_click,1721.png
double_click,1722.png
double_click,1723.png
double_click,1724.png
double_click,1725.png
double_click,1726.png
double_click,1727.png
double_click,1728.png
double_click,1729.png
double_click,1730.png
double_click,1731.png
double_click,1732.png
double_click,1733.png
double_click,1734.png
double_click,1735.png
double_click,1736.png
double_click,1737.png
double_click,1738.png
double_click,1739.png
double_click,1740.png
double_click,1741.png
double_click,1742.png
double_click,1743.png
double_click,1744.png
double_click,1745.png
double_click,1746.png
double_click,1747.png
double_click,1748.png
double_click,1749.png
double_click,1750.png
double_click,1751.png
double_click,1752.png
double_click,1753.png
double_click,1754.png
double_click,1755.png
double_click,1756.png
double_click,1757.png
double_click,1758.png
double_click,1759.png
double_click,1760.png
double_click,1761.png
double_click,1762.png
double_click,1763.png
double_click,1764.png
double_click,1765.png
double_click,1766.png
double_click,1767.png
double_click,1768.png
double_click,1769.png
double_click,1770.png
double_click,1771.png
double_click,1772.png
double_click,1773.png
double_click,1774.png
double_click,1775.png
double_click,1776.png
double_click,1777.png
double_click,1778.png
double_click,1779.png
double_click,1780.png
double_click,1781.png
double_click,1782.png
double_click,1783.png
double_click,1784.png
double_click,1785.png
double_click,1786.png
double_click,1787.png
double_click,1788.png
double_click,1789.png
double_click,1790.png
double_click,1791.png
double_click,1792.png
double_click,1793.png
double_click,1794.png
double_click,1795.png
double_click,1796.png
double_click,1797.png
double_click,1798.png
double_click,1799.png
double_click,1800.png
double_click,1801.png
double_click,1802.png
double_click,1803.png
double_click,1804.png
double_click,1805.png
double_click,1806.png
double_click,1807.png
double_click,1808.png
double_click,1809.png
double_click,1810.png
double_click,1811.png
double_click,1812.png
double_click,1813.png
double_click,1814.png
double_click,1815.png
double_click,1816.png
double_click,1817.png
double_click,1818.png
double_click,1819.png
double_click,1820.png
double_click,1821.png
double_click,1822.png
double_click,1823.png
double_click,1824.png
double_click,1825.png
double_click,1826.png
double_click,1827.png
double_click,1828.png
double_click,1829.png
double_click,1830.png
double_click,1831.png
double_click,1832.png
double_click,1833.png
double_click,1834.png
double_click,1835.png
double_click,1836.png
double_click,1837.png
double_click,1838.png
double_click,1839.png
double_click,1840.png
double_click,1841.png
double_click,1842.png
double_click,1843.png
double_click,1844.png
double_click,1845.png
double_click,1846.png
double_click,1847.png
double_click,1848.png
double_click,1849.png
double_click,1850.png
double_click,1851.png
double_click,1852.png
double_click,1853.png
double_click,1854.png
double_click,1855.png
double_click,1856.png
double_click,1857.png
double_click,1858.png
double_click,1859.png
double_click,1860.png
double_click,1861.png
double_click,1862.png
double_click,1863.png
double_click,1864.png
double_click,1865.png
double_click,1866.png
double_click,1867.png
double_click,1868.png
double_click,1869.png
double_click,1870.png
double_click,1871.png
double_click,1872.png
double_click,1873.png
double_click,1874.png
double_click,1875.png
double_click,1876.png
double_click,1877.png
double_click,1878.png
double_click,1879.png
double_click,1880.png
double_click,1881.png
double_click,1882.png
double_click,1883.png
double_click,1884.png
double_click,1885.png
double_click,1886.png
double_click,1887.png
double_click,1888.png
double_click,1889.png
double_click,1890.png
double_click,1891.png
double_click,1892.png
double_click,1893.png
double_click,1894.png
double_click,1895.png
double_click,1896.png
double_click,1897.png
double_click,1898.png
double_click,1899.png
double_click,1900.png
double_click,1901.png
double_click,1902.png
double_click,1903.png
double_click,1904.png
double_click,1905.png
double_click,1906.png
double_click,1907.png
double_click,1908.png
double_click,1909.png
double_click,1910.png
double_click,1911.png
double_click,1912.png
double_click,1913.png
double_click,1914.png
double_click,1915.png
double_click,1916.png
double_click,1917.png
double_click,1918.png
double_click,1919.png
double_click,1920.png
double_click,1921.png
double_click,1922.png
double_click,1923.png
double_click,1924.png
double_click,1925.png
double_click,1926.png
double_click,1927.png
double_click,1928.png
double_click,1929.png
double_click,1930.png
double_click,1931.png
double_click,1932.png
double_click,1933.png
double_click,1934.png
double_click,1935.png
double_click,1936.png
double_click,1937.png
double_click,1938.png
double_click,1939.png
double_click,1940.png
double_click,1941.png
double_click,1942.png
double_click,1943.png
double_click,1944.png
double_click,1945.png
double_click,1946.png
double_click,1947.png
double_click,1948.png
double_click,1949.png
double_click,1950.png
double_click,1951.png
double_click,1952.png
double_click,1953.png
double_click,1954.png
double_click,1955.png
double_click,1956.png
double_click,1957.png
double_click,1958.png
double_click,1959.png
double_click,1960.png
double_click,1961.png
double_click,1962.png
double_click,1963.png
double_click,1964.png
double_click,1965.png
double_click,1966.png
double_click,1967.png
double_click,1968.png
double_click,1969.png
double_click,1970.png
double_click,1971.png
double_click,1972.png
double_click,1973.png
double_click,1974.png
double_click,1975.png
double_click,1976.png
double_click,1977.png
double_click,1978.png
